<?xml version="1.0" encoding="utf-8" standalone="yes" ?>
<Window size="800,600" sizebox="4,4,4,4" caption="0,0,0,30" mininfo="168,30">
	<VerticalLayout name="bg" bkcolor="#FF2F9EED" inset="1,0,1,1">
		<HorizontalLayout name="uiTop" height="30">
			<Label name="labTitle" textpadding="8,0,8,0" textcolor="#FFFFFFFF" disabledtextcolor="#FFA7A6AA" font="2" />
			<Button name="minbtn" width="30" height="30" normalimage="file='btnMin.png' source='0,0,30,30'" hotimage="file='btnMin.png' source='30,0,60,30'" pushedimage="file='btnMin.png' source='60,0,90,30'" />
			<Button name="maxbtn" width="30" height="30" normalimage="file='btnMax.png' source='0,0,30,30'" hotimage="file='btnMax.png' source='30,0,60,30'" pushedimage="file='btnMax.png' source='60,0,90,30'" />
			<Button name="restorebtn" width="30" height="30" normalimage="file='btnRestore.png' source='0,0,30,30'" hotimage="file='btnRestore.png' source='30,0,60,30'" pushedimage="file='btnRestore.png' source='60,0,90,30'" visible="false" />
			<Button name="closebtn" width="30" height="30" normalimage="file='btnClose.png' source='0,0,30,30'" hotimage="file='btnClose.png' source='30,0,60,30'" pushedimage="file='btnClose.png' source='60,0,90,30'" />
		</HorizontalLayout>
		<Player name="mPlayer" bkcolor="#FFFFFFFF" />
	</VerticalLayout>
</Window>
